,precision,recall,f1-score,support
0,0.9256357290405299,0.9935584991494161,0.9583951766799111,52317.0
1,0.6121979286536249,0.11299915038232795,0.19078357539896001,4708.0
accuracy,0.9208592722490135,0.9208592722490135,0.9208592722490135,0.9208592722490135
macro avg,0.7689168288470773,0.553278824765872,0.5745893760394356,57025.0
weighted avg,0.8997582162966186,0.9208592722490135,0.8950209475026956,57025.0
